Workbook

Sheet 記入方法
B2: 賃金台帳（総額提出用）シート
B4: 本シートは、賃金台帳（個人別の給与明細）の提出が難しい場合に、会社全体の
B5: 「集計値（総額・人数）」だけをご提出いただくための様式です（従業員30名分まで）。
B7: 【ご記入の流れ】
B8: ① 「計算用（社内控え・非提出）」シートに、対象期間（前期決算期の12ヶ月）と、
B9: 従業員お一人ずつの毎月の支給額などをご入力ください。
B10: ② 入力に応じて、補助金の要件に沿った合計・人数が自動で計算されます。
B11: ⚠マークの警告が残っている間は集計が確定していません。すべて解消してください。
B12: ③ 「提出用シート（総額のみ）」に自動反映されるので、会社名・記入日を入れて
B13: 内容をご確認のうえ、そのシートだけをPDF化してご提出ください。
B15: 【入力欄の色】
B16: 黄色のセル＝ご入力いただく欄 ／ 緑色のセル＝自動計算（入力不要）です。
... B61: 個人明細は印刷されない設定にしてあります）

Sheet 計算用（社内控え・非提出）
A1: ※このシートは社内保管用です。個人ごとの給与情報を含むため、提出先には共有しないでください。
A3: 対象期間（前期決算期・12ヶ月）： | E3: 〜 | G3: （例：2025/7/1 〜 2026/6/30）
A4: =IF(OR($D$3="",$F$3=""),"⚠対象期間が未入力です（決算期の開始日と終了日をご記入ください）",IFERROR(IF(EDATE($D$3,12)-1=$F$3,"","⚠対象期間が12ヶ月ちょうどになっていません（例：2025/7/1 〜 2026/6/30）"),"⚠対象期間の日付が読み取れません（日付形式でご入力ください）"))
A5: ■ 従業員ごとの入力（黄＝入力／緑＝自動計算） 毎月の欄＝総支給額（控除前・通勤手当込／賞与は除く）
A6: No | B6: 氏名 | C6: 雇用形態 | D6: =IF($D$3="","1ヶ月目","1ヶ月目"&CHAR(10)&IFERROR(TEXT(EDATE($D$3,0),"yyyy年m月"),"")) | E6: =IF($D$3="","2ヶ月目","2ヶ月目"&CHAR(10)&IFERROR(TEXT(EDATE($D$3,1),"yyyy年m月"),"")) | F6: =IF($D$3="","3ヶ月目","3ヶ月目"&CHAR(10)&IFERROR(TEXT(EDATE($D$3,2),"yyyy年m月"),"")) | G6: =IF($D$3="","4ヶ月目","4ヶ月目"&CHAR(10)&IFERROR(TEXT(EDATE($D$3,3),"yyyy年m月"),"")) | H6: =IF($D$3="","5ヶ月目","5ヶ月目"&CHAR(10)&IFERROR(TEXT(EDATE($D$3,4),"yyyy年m月"),"")) | I6: =IF($D$3="","6ヶ月目","6ヶ月目"&CHAR(10)&IFERROR(TEXT(EDATE($D$3,5),"yyyy年m月"),"")) | J6: =IF($D$3="","7ヶ月目","7ヶ月目"&CHAR(10)&IFERROR(TEXT(EDATE($D$3,6),"yyyy年m月"),"")) | K6: =IF($D$3="","8ヶ月目","8ヶ月目"&CHAR(10)&IFERROR(TEXT(EDATE($D$3,7),"yyyy年m月"),"")) | L6: =IF($D$3="","9ヶ月目","9ヶ月目"&CHAR(10)&IFERROR(TEXT(EDATE($D$3,8),"yyyy年m月"),"")) | M6: =IF($D$3="","10ヶ月目","10ヶ月目"&CHAR(10)&IFERROR(TEXT(EDATE($D$3,9),"yyyy年m月"),"")) | N6: =IF($D$3="","11ヶ月目","11ヶ月目"&CHAR(10)&IFERROR(TEXT(EDATE($D$3,10),"yyyy年m月"),"")) | O6: =IF($D$3="","12ヶ月目","12ヶ月目"&CHAR(10)&IFERROR(TEXT(EDATE($D$3,11),"yyyy年m月"),"")) | P6: 年間賞与 (課税分) | Q6: 年間通勤手当 (非課税分) | R6: 年間労働時間 (パート必須) | S6: 判定 (自動) | T6: 課税支給年額 (自動) | U6: FTE (自動) | V6: 警告 (自動)
A7: 1 | S7: =IF(B7="","",IF(C7="役員","対象外（役員）",IF(NOT(OR(C7="正社員",C7="契約社員",C7="パート・アルバイト")),"要確認（雇用形態未選択）",IF(NOT(AND(COUNT(D7:O7)=12,COUNTIF(D7:O7,">0")=12)),"対象外（全月支給なし）",IF(AND(C7="パート・アルバイト",N(R7)<=0),"要確認（労働時間未入力）",IF(SUM(D7:O7)-N(Q7)+N(P7)<=0,"要確認（金額の確認）","集計対象")))))) | T7: =IF(S7="集計対象",SUM(D7:O7)-N(Q7)+N(P7),"") | U7: =IF(S7<>"集計対象",0,IF(OR(C7="正社員",C7="契約社員"),1,N(R7)/$C$48)) | V7: =IF(S7="要確認（雇用形態未選択）","⚠雇用形態をプルダウンから選択してください",IF(S7="要確認（労働時間未入力）","⚠パート・アルバイトは年間労働時間の入力が必要です",IF(S7="要確認（金額の確認）","⚠年間通勤手当が支給合計を上回っています。金額をご確認ください",IF(AND(S7="集計対象",C7="パート・アルバイト",N(R7)>2080),"⚠年間労働時間が2080時間を超えています。桁をご確認ください",""))))
A8: 2 | S8: =IF(B8="","",IF(C8="役員","対象外（役員）",IF(NOT(OR(C8="正社員",C8="契約社員",C8="パート・アルバイト")),"要確認（雇用形態未選択）",IF(NOT(AND(COUNT(D8:O8)=12,COUNTIF(D8:O8,">0")=12)),"対象外（全月支給なし）",IF(AND(C8="パート・アルバイト",N(R8)<=0),"要確認（労働時間未入力）",IF(SUM(D8:O8)-N(Q8)+N(P8)<=0,"要確認（金額の確認）","集計対象")))))) | T8: =IF(S8="集計対象",SUM(D8:O8)-N(Q8)+N(P8),"") | U8: =IF(S8<>"集計対象",0,IF(OR(C8="正社員",C8="契約社員"),1,N(R8)/$C$48)) | V8: =IF(S8="要確認（雇用形態未選択）","⚠雇用形態をプルダウンから選択してください",IF(S8="要確認（労働時間未入力）","⚠パート・アルバイトは年間労働時間の入力が必要です",IF(S8="要確認（金額の確認）","⚠年間通勤手当が支給合計を上回っています。金額をご確認ください",IF(AND(S8="集計対象",C8="パート・アルバイト",N(R8)>2080),"⚠年間労働時間が2080時間を超えています。桁をご確認ください",""))))
A9: 3 | S9: =IF(B9="","",IF(C9="役員","対象外（役員）",IF(NOT(OR(C9="正社員",C9="契約社員",C9="パート・アルバイト")),"要確認（雇用形態未選択）",IF(NOT(AND(COUNT(D9:O9)=12,COUNTIF(D9:O9,">0")=12)),"対象外（全月支給なし）",IF(AND(C9="パート・アルバイト",N(R9)<=0),"要確認（労働時間未入力）",IF(SUM(D9:O9)-N(Q9)+N(P9)<=0,"要確認（金額の確認）","集計対象")))))) | T9: =IF(S9="集計対象",SUM(D9:O9)-N(Q9)+N(P9),"") | U9: =IF(S9<>"集計対象",0,IF(OR(C9="正社員",C9="契約社員"),1,N(R9)/$C$48)) | V9: =IF(S9="要確認（雇用形態未選択）","⚠雇用形態をプルダウンから選択してください",IF(S9="要確認（労働時間未入力）","⚠パート・アルバイトは年間労働時間の入力が必要です",IF(S9="要確認（金額の確認）","⚠年間通勤手当が支給合計を上回っています。金額をご確認ください",IF(AND(S9="集計対象",C9="パート・アルバイト",N(R9)>2080),"⚠年間労働時間が2080時間を超えています。桁をご確認ください",""))))
A10: 4 | S10: =IF(B10="","",IF(C10="役員","対象外（役員）",IF(NOT(OR(C10="正社員",C10="契約社員",C10="パート・アルバイト")),"要確認（雇用形態未選択）",IF(NOT(AND(COUNT(D10:O10)=12,COUNTIF(D10:O10,">0")=12)),"対象外（全月支給なし）",IF(AND(C10="パート・アルバイト",N(R10)<=0),"要確認（労働時間未入力）",IF(SUM(D10:O10)-N(Q10)+N(P10)<=0,"要確認（金額の確認）","集計対象")))))) | T10: =IF(S10="集計対象",SUM(D10:O10)-N(Q10)+N(P10),"") | U10: =IF(S10<>"集計対象",0,IF(OR(C10="正社員",C10="契約社員"),1,N(R10)/$C$48)) | V10: =IF(S10="要確認（雇用形態未選択）","⚠雇用形態をプルダウンから選択してください",IF(S10="要確認（労働時間未入力）","⚠パート・アルバイトは年間労働時間の入力が必要です",IF(S10="要確認（金額の確認）","⚠年間通勤手当が支給合計を上回っています。金額をご確認ください",IF(AND(S10="集計対象",C10="パート・アルバイト",N(R10)>2080),"⚠年間労働時間が2080時間を超えています。桁をご確認ください",""))))
A11: 5 | S11: =IF(B11="","",IF(C11="役員","対象外（役員）",IF(NOT(OR(C11="正社員",C11="契約社員",C11="パート・アルバイト")),"要確認（雇用形態未選択）",IF(NOT(AND(COUNT(D11:O11)=12,COUNTIF(D11:O11,">0")=12)),"対象外（全月支給なし）",IF(AND(C11="パート・アルバイト",N(R11)<=0),"要確認（労働時間未入力）",IF(SUM(D11:O11)-N(Q11)+N(P11)<=0,"要確認（金額の確認）","集計対象")))))) | T11: =IF(S11="集計対象",SUM(D11:O11)-N(Q11)+N(P11),"") | U11: =IF(S11<>"集計対象",0,IF(OR(C11="正社員",C11="契約社員"),1,N(R11)/$C$48)) | V11: =IF(S11="要確認（雇用形態未選択）","⚠雇用形態をプルダウンから選択してください",IF(S11="要確認（労働時間未入力）","⚠パート・アルバイトは年間労働時間の入力が必要です",IF(S11="要確認（金額の確認）","⚠年間通勤手当が支給合計を上回っています。金額をご確認ください",IF(AND(S11="集計対象",C11="パート・アルバイト",N(R11)>2080),"⚠年間労働時間が2080時間を超えています。桁をご確認ください",""))))
A12: 6 | S12: =IF(B12="","",IF(C12="役員","対象外（役員）",IF(NOT(OR(C12="正社員",C12="契約社員",C12="パート・アルバイト")),"要確認（雇用形態未選択）",IF(NOT(AND(COUNT(D12:O12)=12,COUNTIF(D12:O12,">0")=12)),"対象外（全月支給なし）",IF(AND(C12="パート・アルバイト",N(R12)<=0),"要確認（労働時間未入力）",IF(SUM(D12:O12)-N(Q12)+N(P12)<=0,"要確認（金額の確認）","集計対象")))))) | T12: =IF(S12="集計対象",SUM(D12:O12)-N(Q12)+N(P12),"") | U12: =IF(S12<>"集計対象",0,IF(OR(C12="正社員",C12="契約社員"),1,N(R12)/$C$48)) | V12: =IF(S12="要確認（雇用形態未選択）","⚠雇用形態をプルダウンから選択してください",IF(S12="要確認（労働時間未入力）","⚠パート・アルバイトは年間労働時間の入力が必要です",IF(S12="要確認（金額の確認）","⚠年間通勤手当が支給合計を上回っています。金額をご確認ください",IF(AND(S12="集計対象",C12="パート・アルバイト",N(R12)>2080),"⚠年間労働時間が2080時間を超えています。桁をご確認ください",""))))
A13: 7 | S13: =IF(B13="","",IF(C13="役員","対象外（役員）",IF(NOT(OR(C13="正社員",C13="契約社員",C13="パート・アルバイト")),"要確認（雇用形態未選択）",IF(NOT(AND(COUNT(D13:O13)=12,COUNTIF(D13:O13,">0")=12)),"対象外（全月支給なし）",IF(AND(C13="パート・アルバイト",N(R13)<=0),"要確認（労働時間未入力）",IF(SUM(D13:O13)-N(Q13)+N(P13)<=0,"要確認（金額の確認）","集計対象")))))) | T13: =IF(S13="集計対象",SUM(D13:O13)-N(Q13)+N(P13),"") | U13: =IF(S13<>"集計対象",0,IF(OR(C13="正社員",C13="契約社員"),1,N(R13)/$C$48)) | V13: =IF(S13="要確認（雇用形態未選択）","⚠雇用形態をプルダウンから選択してください",IF(S13="要確認（労働時間未入力）","⚠パート・アルバイトは年間労働時間の入力が必要です",IF(S13="要確認（金額の確認）","⚠年間通勤手当が支給合計を上回っています。金額をご確認ください",IF(AND(S13="集計対象",C13="パート・アルバイト",N(R13)>2080),"⚠年間労働時間が2080時間を超えています。桁をご確認ください",""))))
A14: 8 | S14: =IF(B14="","",IF(C14="役員","対象外（役員）",IF(NOT(OR(C14="正社員",C14="契約社員",C14="パート・アルバイト")),"要確認（雇用形態未選択）",IF(NOT(AND(COUNT(D14:O14)=12,COUNTIF(D14:O14,">0")=12)),"対象外（全月支給なし）",IF(AND(C14="パート・アルバイト",N(R14)<=0),"要確認（労働時間未入力）",IF(SUM(D14:O14)-N(Q14)+N(P14)<=0,"要確認（金額の確認）","集計対象")))))) | T14: =IF(S14="集計対象",SUM(D14:O14)-N(Q14)+N(P14),"") | U14: =IF(S14<>"集計対象",0,IF(OR(C14="正社員",C14="契約社員"),1,N(R14)/$C$48)) | V14: =IF(S14="要確認（雇用形態未選択）","⚠雇用形態をプルダウンから選択してください",IF(S14="要確認（労働時間未入力）","⚠パート・アルバイトは年間労働時間の入力が必要です",IF(S14="要確認（金額の確認）","⚠年間通勤手当が支給合計を上回っています。金額をご確認ください",IF(AND(S14="集計対象",C14="パート・アルバイト",N(R14)>2080),"⚠年間労働時間が2080時間を超えています。桁をご確認ください",""))))
A15: 9 | S15: =IF(B15="","",IF(C15="役員","対象外（役員）",IF(NOT(OR(C15="正社員",C15="契約社員",C15="パート・アルバイト")),"要確認（雇用形態未選択）",IF(NOT(AND(COUNT(D15:O15)=12,COUNTIF(D15:O15,">0")=12)),"対象外（全月支給なし）",IF(AND(C15="パート・アルバイト",N(R15)<=0),"要確認（労働時間未入力）",IF(SUM(D15:O15)-N(Q15)+N(P15)<=0,"要確認（金額の確認）","集計対象")))))) | T15: =IF(S15="集計対象",SUM(D15:O15)-N(Q15)+N(P15),"") | U15: =IF(S15<>"集計対象",0,IF(OR(C15="正社員",C15="契約社員"),1,N(R15)/$C$48)) | V15: =IF(S15="要確認（雇用形態未選択）","⚠雇用形態をプルダウンから選択してください",IF(S15="要確認（労働時間未入力）","⚠パート・アルバイトは年間労働時間の入力が必要です",IF(S15="要確認（金額の確認）","⚠年間通勤手当が支給合計を上回っています。金額をご確認ください",IF(AND(S15="集計対象",C15="パート・アルバイト",N(R15)>2080),"⚠年間労働時間が2080時間を超えています。桁をご確認ください",""))))
A16: 10 | S16: =IF(B16="","",IF(C16="役員","対象外（役員）",IF(NOT(OR(C16="正社員",C16="契約社員",C16="パート・アルバイト")),"要確認（雇用形態未選択）",IF(NOT(AND(COUNT(D16:O16)=12,COUNTIF(D16:O16,">0")=12)),"対象外（全月支給なし）",IF(AND(C16="パート・アルバイト",N(R16)<=0),"要確認（労働時間未入力）",IF(SUM(D16:O16)-N(Q16)+N(P16)<=0,"要確認（金額の確認）","集計対象")))))) | T16: =IF(S16="集計対象",SUM(D16:O16)-N(Q16)+N(P16),"") | U16: =IF(S16<>"集計対象",0,IF(OR(C16="正社員",C16="契約社員"),1,N(R16)/$C$48)) | V16: =IF(S16="要確認（雇用形態未選択）","⚠雇用形態をプルダウンから選択してください",IF(S16="要確認（労働時間未入力）","⚠パート・アルバイトは年間労働時間の入力が必要です",IF(S16="要確認（金額の確認）","⚠年間通勤手当が支給合計を上回っています。金額をご確認ください",IF(AND(S16="集計対象",C16="パート・アルバイト",N(R16)>2080),"⚠年間労働時間が2080時間を超えています。桁をご確認ください",""))))
A17: 11 | S17: =IF(B17="","",IF(C17="役員","対象外（役員）",IF(NOT(OR(C17="正社員",C17="契約社員",C17="パート・アルバイト")),"要確認（雇用形態未選択）",IF(NOT(AND(COUNT(D17:O17)=12,COUNTIF(D17:O17,">0")=12)),"対象外（全月支給なし）",IF(AND(C17="パート・アルバイト",N(R17)<=0),"要確認（労働時間未入力）",IF(SUM(D17:O17)-N(Q17)+N(P17)<=0,"要確認（金額の確認）","集計対象")))))) | T17: =IF(S17="集計対象",SUM(D17:O17)-N(Q17)+N(P17),"") | U17: =IF(S17<>"集計対象",0,IF(OR(C17="正社員",C17="契約社員"),1,N(R17)/$C$48)) | V17: =IF(S17="要確認（雇用形態未選択）","⚠雇用形態をプルダウンから選択してください",IF(S17="要確認（労働時間未入力）","⚠パート・アルバイトは年間労働時間の入力が必要です",IF(S17="要確認（金額の確認）","⚠年間通勤手当が支給合計を上回っています。金額をご確認ください",IF(AND(S17="集計対象",C17="パート・アルバイト",N(R17)>2080),"⚠年間労働時間が2080時間を超えています。桁をご確認ください",""))))
A18: 12 | S18: =IF(B18="","",IF(C18="役員","対象外（役員）",IF(NOT(OR(C18="正社員",C18="契約社員",C18="パート・アルバイト")),"要確認（雇用形態未選択）",IF(NOT(AND(COUNT(D18:O18)=12,COUNTIF(D18:O18,">0")=12)),"対象外（全月支給なし）",IF(AND(C18="パート・アルバイト",N(R18)<=0),"要確認（労働時間未入力）",IF(SUM(D18:O18)-N(Q18)+N(P18)<=0,"要確認（金額の確認）","集計対象")))))) | T18: =IF(S18="集計対象",SUM(D18:O18)-N(Q18)+N(P18),"") | U18: =IF(S18<>"集計対象",0,IF(OR(C18="正社員",C18="契約社員"),1,N(R18)/$C$48)) | V18: =IF(S18="要確認（雇用形態未選択）","⚠雇用形態をプルダウンから選択してください",IF(S18="要確認（労働時間未入力）","⚠パート・アルバイトは年間労働時間の入力が必要です",IF(S18="要確認（金額の確認）","⚠年間通勤手当が支給合計を上回っています。金額をご確認ください",IF(AND(S18="集計対象",C18="パート・アルバイト",N(R18)>2080),"⚠年間労働時間が2080時間を超えています。桁をご確認ください",""))))
... A36: 30 | S36: =IF(B36="","",IF(C36="役員","対象外（役員）",IF(NOT(OR(C36="正社員",C36="契約社員",C36="パート・アルバイト")),"要確認（雇用形態未選択）",IF(NOT(AND(COUNT(D36:O36)=12,COUNTIF(D36:O36,">0")=12)),"対象外（全月支給なし）",IF(AND(C36="パート・アルバイト",N(R36)<=0),"要確認（労働時間未入力）",IF(SUM(D36:O36)-N(Q36)+N(P36)<=0,"要確認（金額の確認）","集計対象")))))) | T36: =IF(S36="集計対象",SUM(D36:O36)-N(Q36)+N(P36),"") | U36: =IF(S36<>"集計対象",0,IF(OR(C36="正社員",C36="契約社員"),1,N(R36)/$C$48)) | V36: =IF(S36="要確認（雇用形態未選択）","⚠雇用形態をプルダウンから選択してください",IF(S36="要確認（労働時間未入力）","⚠パート・アルバイトは年間労働時間の入力が必要です",IF(S36="要確認（金額の確認）","⚠年間通勤手当が支給合計を上回っています。金額をご確認ください",IF(AND(S36="集計対象",C36="パート・アルバイト",N(R36)>2080),"⚠年間労働時間が2080時間を超えています。桁をご確認ください",""))))
A38: ■ 会社全体の集計（自動計算 → 「提出用シート」に反映）
A39: 給与支給総額（R216） | C39: =SUM(T7:T36)
A40: 従業員数（FTE換算・R215） | C40: =ROUND(SUM(U7:U36),1)
A41: 内訳：フルタイム人数（正社員＋契約社員） | C41: =COUNTIFS($S$7:$S$36,"集計対象",$C$7:$C$36,"正社員")+COUNTIFS($S$7:$S$36,"集計対象",$C$7:$C$36,"契約社員")
A42: 内訳：パート・アルバイト人数 | C42: =COUNTIFS($S$7:$S$36,"集計対象",$C$7:$C$36,"パート・アルバイト")
A43: 内訳：パート・アルバイト 年間労働時間 合計 | C43: =SUMIFS($R$7:$R$36,$S$7:$S$36,"集計対象",$C$7:$C$36,"パート・アルバイト")
A44: 対象者 合計人数 | C44: =COUNTIF($S$7:$S$36,"集計対象")
A45: 参考：1人当たり給与支給総額（FTE換算1人当たり） | C45: =IFERROR($C$39/$C$40,"")
A46: 参考：時間欄に入力があった対象者の年間労働時間 合計 | C46: =SUMIFS($R$7:$R$36,$S$7:$S$36,"集計対象")
A47: 入力チェック：要確認・警告の件数（0 であること） | C47: =COUNTIF(V7:V36,"⚠*")+IF($A$4="",0,1)
A48: 労働時間換算の分母（時間／年・固定） | C48: 2080 | D48: ※正社員の年間所定労働時間相当（週40h×52週）。変更しないでください。

Sheet 提出用シート（総額のみ）
B1: 【本シートのみをPDF等でご提出ください】計算用シートは提出不要です。
B2: 会社名
B3: 記入日
B4: =IF('計算用（社内控え・非提出）'!$C$47=0,"","⚠ 計算用シートに未解消の要確認・警告が "&'計算用（社内控え・非提出）'!$C$47&" 件あります。解消してからご提出ください。")
B6: 対象期間（前期決算期・12ヶ月） | C6: =IF(OR('計算用（社内控え・非提出）'!D3="",'計算用（社内控え・非提出）'!F3=""),"（未入力）計算用シートに対象期間をご記入ください",TEXT('計算用（社内控え・非提出）'!D3,"yyyy年m月d日")&" 〜 "&TEXT('計算用（社内控え・非提出）'!F3,"yyyy年m月d日"))
B8: 給与支給総額（R216） | C8: ='計算用（社内控え・非提出）'!C39
B10: 従業員数（FTE換算・R215） | C10: ='計算用（社内控え・非提出）'!C40
B12: 内訳：フルタイム人数（正社員＋契約社員） | C12: ='計算用（社内控え・非提出）'!C41
B14: 内訳：パート・アルバイト人数 | C14: ='計算用（社内控え・非提出）'!C42
B16: 内訳：パート・アルバイト 年間労働時間 合計 | C16: ='計算用（社内控え・非提出）'!C43
B18: 参考：1人当たり給与支給総額（FTE換算1人当たり） | C18: ='計算用（社内控え・非提出）'!C45
